{"cameraMode":{"drawMode":0,"name":"Shaded","section":"Shading Mode"},"sceneLighting":true,"audioPlay":false,"sceneViewState":{"m_AlwaysRefresh":false,"showFog":true,"showSkybox":true,"showFlares":true,"showImageEffects":true,"showParticleSystems":true,"showVisualEffectGraphs":true,"m_FxEnabled":false},"in2DMode":false,"pivot":{"x":-0.12082277238368988,"y":0.4511657655239105,"z":8.110188484191895},"rotation":{"x":-0.15119148790836335,"y":0.021346095949411393,"z":-0.003265952691435814,"w":-0.9882705807685852},"size":12.743884086608887,"orthographic":false}