{"cameraMode":{"drawMode":0,"name":"Shaded","section":"Shading Mode"},"sceneLighting":true,"audioPlay":false,"sceneViewState":{"m_AlwaysRefresh":false,"showFog":true,"showSkybox":true,"showFlares":true,"showImageEffects":true,"showParticleSystems":true,"showVisualEffectGraphs":true,"m_FxEnabled":false},"in2DMode":false,"pivot":{"x":-0.21645164489746095,"y":1.4670594930648804,"z":-0.6845271587371826},"rotation":{"x":-0.03092760592699051,"y":0.9124795198440552,"z":-0.07022593915462494,"w":-0.40190455317497256},"size":2.6599321365356447,"orthographic":false}