{"cameraMode":{"drawMode":0,"name":"Shaded","section":"Shading Mode"},"sceneLighting":true,"audioPlay":false,"sceneViewState":{"m_AlwaysRefresh":false,"showFog":true,"showSkybox":true,"showFlares":true,"showImageEffects":true,"showParticleSystems":true,"showVisualEffectGraphs":true,"m_FxEnabled":false},"in2DMode":false,"pivot":{"x":-3.7789485454559328,"y":0.9189839363098145,"z":-3.1235899925231935},"rotation":{"x":-0.008708671666681767,"y":-0.9859523177146912,"z":0.05494605749845505,"w":-0.15766803920269013},"size":19.638158798217775,"orthographic":false}