{"cameraMode":{"drawMode":0,"name":"Shaded","section":"Shading Mode"},"sceneLighting":true,"audioPlay":false,"sceneViewState":{"m_AlwaysRefresh":false,"showFog":true,"showSkybox":true,"showFlares":true,"showImageEffects":true,"showParticleSystems":true,"showVisualEffectGraphs":true,"m_FxEnabled":false},"in2DMode":false,"pivot":{"x":-4.2983527183532719,"y":-84.82007598876953,"z":447.7442321777344},"rotation":{"x":0.12433674186468125,"y":-0.011223927140235901,"z":0.0013737198896706105,"w":0.9922401905059815},"size":269.2342224121094,"orthographic":false}